Feature Combination,Model,Target,Performance Test Set MAE Pitts,Performance Test Set RMSE Pitts,Performance Test Set R2 Pitts,Performance Test Set Pearson r Pitts,Performance Test Set Pearson r p-value Pitts,Performance Test Set Spearman r Pitts,Performance Test Set Spearman r p-value Pitts
Brain,AutoGluon,Executive,5.996780721152701,6.938740538731838,-1.850779435136176,-0.1072463382463796,0.5045142387085602,-0.0577445637752095,0.7198864332428675
Brain,AutoGluon,Memory_Letter,16.745988241056118,18.9801151293525,-3.1148319437803123,0.085938149656928,0.593171803006258,0.1023457112890725,0.5242933319472751
Brain,AutoGluon,Memory_Spatial,12.511716809422296,15.299417877186412,-0.2085431677204392,0.0926891348377584,0.5643522930536544,0.0704378849260535,0.6616626566631105
Brain,XGBoost,Executive,5.705581758080459,6.652351057323131,-1.620309795194378,-0.0077569741548016,0.9616098375119692,-0.0048413887311532,0.9760339800920595
Brain,XGBoost,Memory_Letter,14.095651859190406,16.364327255009357,-2.0587975220776413,0.0122271369667407,0.9395197961039048,0.0620383249937186,0.6999959865630414
Brain,XGBoost,Memory_Spatial,13.69599798027508,16.872841365168515,-0.4699034210893555,0.0386114096033924,0.8105805454244708,0.0466081527122642,0.7723014942086013
Cov,AutoGluon,Executive,5.046059329335282,6.428958084251589,-1.4472791456314322,0.0441958141258156,0.7837974358264493,0.1690965045917341,0.2905590447842732
Cov,AutoGluon,Memory_Letter,27.456505752191312,29.102907020329614,-8.674469535097604,-0.1358756876770166,0.3969608865320199,-0.138709983707707,0.3870925775048481
Cov,AutoGluon,Memory_Spatial,11.957343939981673,14.379753617015409,-0.067616417715544,0.2522787789651679,0.1115474624977994,0.2501245789351775,0.1147410924876342
Cov,XGBoost,Executive,3.6152446560743376,5.065245959157152,-0.5191595861070786,0.0296455223791611,0.8540182356844745,-0.0162561610264289,0.9196475000122524
Cov,XGBoost,Memory_Letter,25.420465050674068,27.19392842305698,-7.446918773652641,-0.0967500334581643,0.547334842231594,-0.0701866381572432,0.6627975886931753
Cov,XGBoost,Memory_Spatial,11.678706356318846,13.959436978572995,-0.0061162389605664,0.1744379639691698,0.2753628646384907,0.1919472632580558,0.2292584380580769
Sleep,AutoGluon,Executive,4.491449635203292,5.351004259975495,-0.695402871372095,0.0505904167820428,0.7534298346376087,0.1367032127178361,0.3940646908874987
Sleep,AutoGluon,Memory_Letter,20.44442051212962,22.52150845290766,-4.793611489073241,0.0723655149528672,0.6529801655724693,0.0606363289486628,0.7064696426497947
Sleep,AutoGluon,Memory_Spatial,11.911656923548824,13.92581032470856,-0.0012748440662966,0.1717260212471262,0.2830117786876807,0.1981722583367326,0.2142210138208557
Sleep,XGBoost,Executive,5.060451228444169,5.81551085076793,-1.0025255305222474,0.0719616009516805,0.6547957991405279,0.0836349157956057,0.6031501317198285
Sleep,XGBoost,Memory_Letter,19.167634173137387,21.250447282112717,-4.15810963646694,0.1549668192997375,0.3333208991827871,0.1557829011674585,0.3307500276923418
Sleep,XGBoost,Memory_Spatial,12.213146285036023,14.302939900537387,-0.0562409027958499,0.1270079154670489,0.4287632071122215,0.0627783058395792,0.6965875497808165
Sleep_APOE,AutoGluon,Executive,3.893794269096561,5.019459648464475,-0.4918194169872698,0.0296494974939313,0.8539988726588612,0.1562448181417637,0.3293003474622956
Sleep_APOE,AutoGluon,Memory_Letter,21.66955622231088,23.80253902437613,-5.471440901746363,-0.0267157531948167,0.8683115672282223,0.0650175665894621,0.686309300642126
Sleep_APOE,AutoGluon,Memory_Spatial,12.003340567169014,14.01840148626568,-0.0146338379425023,0.1080813501223288,0.5011822325074919,0.1654063765427724,0.3013678812350364
Sleep_APOE,XGBoost,Executive,4.295854289357255,4.850354984463675,-0.3929943988023541,0.0816620730070027,0.6117543104434525,0.1003925191002595,0.5322814670832456
Sleep_APOE,XGBoost,Memory_Letter,20.268089480516387,22.339629063957695,-4.700413147193696,0.0351687635673755,0.8272005899078513,0.0867298790013894,0.5897586511543313
Sleep_APOE,XGBoost,Memory_Spatial,12.0602456158185,14.098306503307818,-0.0262336478660507,0.0939682819407902,0.558965629348751,0.1225858962426158,0.4451384644350588
Sleep_APOE_Shuffle,AutoGluon,Executive,4.378173595521508,5.504989963233841,-0.7943839826209318,-0.0522869765657899,0.7454320573086186,0.0492941398081057,0.7595578621213037
Sleep_APOE_Shuffle,AutoGluon,Memory_Letter,19.117621165950123,21.29907763905808,-4.181744690008453,0.1562193961451117,0.3293800288278969,0.1363441153816754,0.3953199574377282
Sleep_APOE_Shuffle,AutoGluon,Memory_Spatial,12.144401280029864,14.098142693739572,-0.0262098001912804,0.2170888930984342,0.1727618702734202,0.245306066906654,0.1221342662644121
Sleep_APOE_Shuffle,XGBoost,Executive,4.763927692320289,5.446413469028427,-0.7564004394049868,0.1200359338322892,0.4547347708105131,0.1005863730185927,0.5314860077449847
Sleep_APOE_Shuffle,XGBoost,Memory_Letter,21.71282196044922,23.83269730126533,-5.487850171941283,-0.0066625908224346,0.967022859001244,0.009302008764356,0.9539707619905252
Sleep_APOE_Shuffle,XGBoost,Memory_Spatial,12.437794391840317,14.177700046976216,-0.0378245066392353,0.0470908013228672,0.7700071125149339,0.0282081957323015,0.861024993710981
Sleep_Cov,AutoGluon,Executive,3.872559942850253,5.347537869891839,-0.6932070128477588,-0.3229127758947349,0.0394716480060748,-0.2991978235852703,0.057388192649225
Sleep_Cov,AutoGluon,Executive_rgo_age,3.917870249133132,5.484312441523705,-0.7713034979824513,-0.0033699369308651,0.9833167718010188,0.027533328465235,0.8643185370261596
Sleep_Cov,AutoGluon,Memory_Letter,26.605317092523343,28.475410720493663,-8.26177895210675,-0.1432829382310056,0.3714773756441811,-0.0894648726251224,0.5780355743978693
Sleep_Cov,AutoGluon,Memory_Letter_rgo_age,29.42699233286248,31.578792615875606,-10.10286504419359,-0.2065432164874443,0.1950977297264554,-0.0764908313365696,0.6345509951342716
Sleep_Cov,AutoGluon,Memory_Spatial,12.009360416425643,14.47768624182992,-0.0822078373621255,0.0756272525983513,0.638391392894368,0.075256396954577,0.6400434882626946
Sleep_Cov,AutoGluon,Memory_Spatial_rgo_age,12.91889934039494,16.042802177190804,-0.3872167572527933,-0.0364453854526296,0.8210283610161159,0.0281383396833909,0.861365804242779
Sleep_Cov,XGBoost,Executive,3.417760569874833,4.270992002981758,-0.0800897319868569,-0.007126326152473,0.9647289464570792,0.0555903663945386,0.7299355921316492
Sleep_Cov,XGBoost,Executive_rgo_age,4.257238513112142,5.916480295789442,-1.0614625430784908,-0.1451720887106951,0.3651377630670089,-0.1690122449190977,0.2908030189632795
Sleep_Cov,XGBoost,Memory_Letter,25.84762275509718,27.71358243247943,-7.772830852416863,-0.0948722427327862,0.5551734562951856,-0.0787746527815721,0.6244403410871001
Sleep_Cov,XGBoost,Memory_Letter_rgo_age,29.841499379457183,31.482278333397225,-10.035101369806494,-0.074631625189769,0.642830612902398,-0.0234078761265716,0.88449918511897
Sleep_Cov,XGBoost,Memory_Spatial,11.82493486747786,14.239963894756029,-0.046960098390961,0.0953125767245014,0.5533306132366154,0.0855942954885003,0.5946568642854613
Sleep_Cov,XGBoost,Memory_Spatial_rgo_age,12.521290804656177,15.317541409583502,-0.2646256783285792,0.0900096813189302,0.5757129923161224,0.1216110417347583,0.4487939796123189
Sleep_Cov_APOE,AutoGluon,Executive,3.466669152422649,4.699214002624219,-0.3075333279173817,-0.1006884086476435,0.5310675479420821,-0.1320378744859975,0.4105529752318192
Sleep_Cov_APOE,AutoGluon,Memory_Letter,28.75657895716225,30.54181206770649,-9.65476851627247,-0.1452362370655626,0.3649236404175315,-0.0846455112202432,0.5987629789202931
Sleep_Cov_APOE,AutoGluon,Memory_Spatial,12.55766639310724,15.318939718053118,-0.2116293033825202,0.039360163710508,0.8069763625938154,0.0800749089831006,0.6187140612844444
Sleep_Cov_APOE,XGBoost,Executive,3.5074521274101444,4.217161792576279,-0.0530350995417492,0.0274783231260023,0.8645870792924929,0.1264097642795844,0.4309583296148438
Sleep_Cov_APOE,XGBoost,Memory_Letter,23.19682609744188,25.126717045777543,-6.211505118141358,-0.094923064631191,0.5549606144055222,-0.1312618797183481,0.4133331746901544
Sleep_Cov_APOE,XGBoost,Memory_Spatial,11.700341201410062,13.815664407892545,0.0145016428088788,0.122693454008376,0.4447361454854611,0.0473966364987499,0.7685542536529588
Sleep_Cov_APOE_Shuffle,AutoGluon,Executive,3.515928082349824,4.636176920130676,-0.2726890928784331,-0.1974813453542488,0.2158554292033785,-0.2365238458292501,0.1365208234654569
Sleep_Cov_APOE_Shuffle,AutoGluon,Memory_Letter,26.75067343362948,28.72707273475687,-8.42621119103655,-0.1752375598308643,0.2731337710700507,-0.1205716598747977,0.4527094253351083
Sleep_Cov_APOE_Shuffle,AutoGluon,Memory_Spatial,12.024265914013162,14.613864187529888,-0.1026622022827419,0.0677937670892222,0.673643658140693,0.1167832097094892,0.467136594998322
Sleep_Cov_APOE_Shuffle,XGBoost,Executive,3.5093377973975204,4.407780462315135,-0.1503824087097067,-0.1088128804786829,0.4982723900116077,-0.0450689278245538,0.7796312553013676
Sleep_Cov_APOE_Shuffle,XGBoost,Memory_Letter,27.440648706947886,29.189496710264883,-8.732123949640279,-0.0046230260504897,0.97711463540345,0.0189277710064767,0.9064961542592576
Sleep_Cov_APOE_Shuffle,XGBoost,Memory_Spatial,11.588331384248988,14.195757078518366,-0.0404697824804765,0.2600551604677265,0.1005775844993908,0.2549103889195385,0.1077380573299442
Sleep_Cov_Brain,AutoGluon,Executive,4.426798052904083,5.035364787927186,-0.5012886388989941,-0.0283518007518485,0.860324458207273,-0.0540475032896016,0.7371605263691461
Sleep_Cov_Brain,AutoGluon,Executive_rgo_age,3.657689945462883,4.869798925698023,-0.3965955765412294,-0.1141642505264746,0.4772514936734571,-0.1475124211760851,0.3573747556222839
Sleep_Cov_Brain,AutoGluon,Memory_Letter,19.365285361685405,21.41819008323464,-4.23986327349701,0.1740472233511843,0.2764564885170686,0.2009235582070576,0.2077977100464325
Sleep_Cov_Brain,AutoGluon,Memory_Letter_rgo_age,27.14806886790357,28.778069719637447,-8.220773189095627,0.038588892836878,0.8106889917216648,0.0833732637689033,0.6042882644020324
Sleep_Cov_Brain,AutoGluon,Memory_Spatial,12.000982605760244,14.303319062485546,-0.0562969041032084,0.0918441514854776,0.5679237499577553,0.0374967845128742,0.8159530095434344
Sleep_Cov_Brain,AutoGluon,Memory_Spatial_rgo_age,11.732854305984944,14.26834292225105,-0.0973140674664041,0.0631549846253835,0.6948547773577884,-0.0249150623821975,0.8771173817445364
Sleep_Cov_Brain,XGBoost,Executive,4.470126640505907,5.101757650456677,-0.5411395639109766,-0.0506964727716546,0.7529291191374885,-0.0323052666242407,0.8410818941168605
Sleep_Cov_Brain,XGBoost,Executive_rgo_age,3.795729739202265,5.3623021085729805,-0.6933672628480108,0.0733690271039425,0.648477837491497,0.1041212896074552,0.5170831977279597
Sleep_Cov_Brain,XGBoost,Memory_Letter,13.884642810356326,16.189968069720027,-1.9939628157820128,0.1646624500425086,0.3035776883223248,0.1707806432383582,0.2857103755015631
Sleep_Cov_Brain,XGBoost,Memory_Letter_rgo_age,27.085258710864164,28.57871838706638,-8.093467449236222,0.3068363701275552,0.0510203098489476,0.3550986657492686,0.0227124399473814
Sleep_Cov_Brain,XGBoost,Memory_Spatial,13.91493610554871,17.16163941786488,-0.5206522171855494,0.0611713717620406,0.7039966679076988,0.079461643815834,0.6214121142864646
Sleep_Cov_Brain,XGBoost,Memory_Spatial_rgo_age,11.56043414901543,13.987954579202531,-0.0546109994249808,0.2350353138518394,0.1390788328750677,0.2068124408927864,0.1945033550492201
Sleep_Cov_Brain_APOE,AutoGluon,Executive,4.389675931232731,4.957193000417176,-0.4550367970176208,-0.0288593190370168,0.8578495268777723,-0.0006161767476013,0.9969493455362676
Sleep_Cov_Brain_APOE,AutoGluon,Memory_Letter,18.483882811011338,20.56306078499204,-3.829808776797929,0.182824221635818,0.2525744967479188,0.1781411224749011,0.2651392308998623
Sleep_Cov_Brain_APOE,AutoGluon,Memory_Spatial,12.13194291738406,14.496372131721992,-0.085003182710623,0.1376339729376626,0.3908219206402802,0.1088983718446324,0.4979328915179715
Sleep_Cov_Brain_APOE,XGBoost,Executive,4.507766932975955,5.179956717354407,-0.5887464117277539,-0.0158632018863668,0.9215837595243016,-0.0923384868905409,0.5658331009950294
Sleep_Cov_Brain_APOE,XGBoost,Memory_Letter,17.89863018873261,20.239726819078275,-3.6791149083930703,0.0138870593937202,0.9313275159203814,0.012705589158318,0.9371578042561448
Sleep_Cov_Brain_APOE,XGBoost,Memory_Spatial,12.718502443426576,15.154514912352449,-0.1857590083153049,-0.0621991840224335,0.6992545545312542,-0.0986480826203187,0.5394655338234202
Sleep_Cov_Brain_APOE_Shuffle,AutoGluon,Executive,4.55648505978468,5.203089464578838,-0.6029682036050505,-0.0335144627246267,0.8352140573020624,-0.0584487657724682,0.7166113543006689
Sleep_Cov_Brain_APOE_Shuffle,AutoGluon,Memory_Letter,19.0132461175686,21.1153203181384,-4.092719609499168,0.1512694956683813,0.3451230836366624,0.132138127246508,0.4101945745336227
Sleep_Cov_Brain_APOE_Shuffle,AutoGluon,Memory_Spatial,12.15196300688244,14.429812204184971,-0.0750624969839905,0.0734630057254154,0.6480568242964656,0.0190988294948752,0.9056548979807252
Sleep_Cov_Brain_APOE_Shuffle,XGBoost,Executive,4.264687282283131,4.993563555145515,-0.4764661149054421,-0.2041106830887418,0.2005261915873432,-0.2859060108870132,0.0699688904773279
Sleep_Cov_Brain_APOE_Shuffle,XGBoost,Memory_Letter,18.4650197843226,20.664898791988,-3.8777662343165504,0.1627298687132687,0.3093665706708637,0.1436169698654023,0.3703516837603048
Sleep_Cov_Brain_APOE_Shuffle,XGBoost,Memory_Spatial,12.036583079693624,14.28328851654048,-0.0533404730159772,0.2215557060384851,0.1638776839095711,0.188798062208514,0.2371343581688451
Sleep_Cov_Brain_Shuffle,AutoGluon,Executive,3.471326967565025,4.204105291857754,-0.0465247162292825,0.0104839035568042,0.94812985563828,0.0714765027217533,0.6569789586895374
Sleep_Cov_Brain_Shuffle,AutoGluon,Memory_Letter,22.94997982862519,24.80521260707041,-6.028138725616425,0.0045657229438035,0.9773982295752612,0.0298800407102514,0.852876027583915
Sleep_Cov_Brain_Shuffle,AutoGluon,Memory_Spatial,11.662661810508313,13.865873749687768,0.0073255656349489,0.0862994857757652,0.5916130012269035,0.1293113409836504,0.4203685935622776
Sleep_Cov_Brain_Shuffle,XGBoost,Executive,3.4885094805461603,4.17147341776452,-0.0303417114712927,0.023176542916914,0.8856330638036566,0.0797508761895424,0.6201390274746545
Sleep_Cov_Brain_Shuffle,XGBoost,Memory_Letter,22.245774059760866,24.223217219957714,-5.702210520437826,-0.2212070655132305,0.1645589615384682,-0.1946145760043066,0.2227291262053382
Sleep_Cov_Brain_Shuffle,XGBoost,Memory_Spatial,11.604278334064906,13.913280421458488,0.0005261617616001,0.051683016796631,0.7482762205269284,0.0634291401572919,0.6935945874777483
Sleep_Shuffle_Cov,AutoGluon,Executive,3.609105203209854,5.139049437287032,-0.56375212218519,-0.0649301514475774,0.6867095082610377,-0.0891695779028769,0.5792962170557588
Sleep_Shuffle_Cov,AutoGluon,Memory_Letter,27.35064380924876,28.875563820563755,-8.523911775748502,0.1507173517416331,0.3469072817566622,0.0601982051845829,0.7084968774769442
Sleep_Shuffle_Cov,AutoGluon,Memory_Spatial,11.861373750728738,14.246520404939888,-0.0479244245490473,0.2766376108590164,0.0799603488389601,0.1935289649274281,0.2253709818789814
Sleep_Shuffle_Cov,XGBoost,Executive,3.460792006515875,4.722167264594208,-0.3203377892690189,0.0025527547661121,0.9873619411174306,0.0136439136968864,0.9325271055389924
Sleep_Shuffle_Cov,XGBoost,Memory_Letter,20.99905879323076,22.965893808372385,-5.024501578368843,0.1369678310703659,0.3931411720078824,0.1596189220336426,0.318831333783764
Sleep_Shuffle_Cov,XGBoost,Memory_Spatial,11.639804782490836,13.963861554306398,-0.0067541361761991,0.1686863422556828,0.2917479174157269,0.2416862745878251,0.1279193801730181
