metric,t-stat,p-val,model_1,model_2,p-val-corrected,significance
test_r2,-6.043500012697857,2.005681670084851e-07,Linear Regression,Ridge Regression,4.211931507178187e-06,****
test_r2,-6.400365874166986,5.634137847385123e-08,Linear Regression,SVM-linear,1.1831689479508759e-06,****
test_r2,-6.3910429333271335,5.824507990624815e-08,Linear Regression,SVM-rbf,1.2231466780312112e-06,****
test_r2,-6.629743903847288,2.4860731976434317e-08,Linear Regression,Random Forest,5.220753715051207e-07,****
test_r2,-6.653008841298025,1.3948285627870283e-08,Linear Regression,XGBoost,2.9291399818527595e-07,****
test_r2,-6.740666035741268,1.0027228016525311e-08,Linear Regression,AutoGluon,2.1057178834703153e-07,****
test_r2,-6.388996210444149,5.867152919041241e-08,Ridge Regression,SVM-linear,1.2321021129986606e-06,****
test_r2,-6.3794702309628715,6.06976955607556e-08,Ridge Regression,SVM-rbf,1.2746516067758674e-06,****
test_r2,-6.629147904469288,2.4913660487517497e-08,Ridge Regression,Random Forest,5.231868702378674e-07,****
test_r2,-6.642587542981344,1.4506209599164162e-08,Ridge Regression,XGBoost,3.046304015824474e-07,****
test_r2,-6.733976331466992,1.0283101751310375e-08,Ridge Regression,AutoGluon,2.159451367775179e-07,****
test_r2,-3.1112356336859732,0.0031042544233868376,SVM-linear,SVM-rbf,0.06518934289112359,ns
test_r2,-2.9105066074095776,0.0054150686135061845,SVM-linear,Random Forest,0.11371644088362988,ns
test_r2,-2.8033658291981407,0.0069726579288432065,SVM-linear,XGBoost,0.14642581650570732,ns
test_r2,-3.579404111683659,0.0007285193869927716,SVM-linear,AutoGluon,0.015298907126848203,*
test_r2,-1.4326582143016042,0.15830486603331362,SVM-rbf,Random Forest,1.0,ns
test_r2,-1.6668788402581114,0.10122390059498612,SVM-rbf,XGBoost,1.0,ns
test_r2,-2.609165119889969,0.011667305927400931,SVM-rbf,AutoGluon,0.24501342447541957,ns
test_r2,-0.23170067898718572,0.8176304053062894,Random Forest,XGBoost,1.0,ns
test_r2,-0.7754234308464562,0.4414109017466621,Random Forest,AutoGluon,1.0,ns
test_r2,-1.0929735833564247,0.2797498514383777,XGBoost,AutoGluon,1.0,ns
train_r2,11.726417999235542,7.861244605686025e-16,Linear Regression,Ridge Regression,1.650861367194065e-14,****
train_r2,53.967766719795854,2.6049609492626742e-45,Linear Regression,SVM-linear,5.470417993451616e-44,****
train_r2,35.407992234922176,1.4405342183658598e-36,Linear Regression,SVM-rbf,3.0251218585683056e-35,****
train_r2,3.816643485266927,0.00038029420148328057,Linear Regression,Random Forest,0.007986178231148892,**
train_r2,inf,0.0,Linear Regression,XGBoost,0.0,****
train_r2,inf,0.0,Linear Regression,AutoGluon,0.0,****
train_r2,53.96474040322907,2.6120123195452694e-45,Ridge Regression,SVM-linear,5.485225871045066e-44,****
train_r2,35.39254729089201,1.4705018820047257e-36,Ridge Regression,SVM-rbf,3.088053952209924e-35,****
train_r2,3.8136933006203533,0.0003838069478988391,Ridge Regression,Random Forest,0.008059945905875622,**
train_r2,59283.53160410998,2.3899281060441464e-216,Ridge Regression,XGBoost,5.018849022692708e-215,****
train_r2,59283.53160410998,2.3899281060441464e-216,Ridge Regression,AutoGluon,5.018849022692708e-215,****
train_r2,-25.917082398372955,2.9119680416775986e-30,SVM-linear,SVM-rbf,6.115132887522958e-29,****
train_r2,-4.582086984896421,3.188778796636274e-05,SVM-linear,Random Forest,0.0006696435472936176,***
train_r2,47.756569368297555,1.83371577181107e-46,SVM-linear,XGBoost,3.850803120803247e-45,****
train_r2,47.756569368297555,1.83371577181107e-46,SVM-linear,AutoGluon,3.850803120803247e-45,****
train_r2,-1.9453755888010438,0.05747879158126715,SVM-rbf,Random Forest,1.0,ns
train_r2,62.783879056270244,7.006864073955914e-53,SVM-rbf,XGBoost,1.471441455530742e-51,****
train_r2,62.783879056270244,7.006864073955914e-53,SVM-rbf,AutoGluon,1.471441455530742e-51,****
train_r2,10.581557103215465,7.0851414762124196e-15,Random Forest,XGBoost,1.487879710004608e-13,****
train_r2,10.581557103215465,7.0851414762124196e-15,Random Forest,AutoGluon,1.487879710004608e-13,****
train_r2,,,XGBoost,AutoGluon,,ns
test_neg_mean_absolute_error,-11.86613533101092,5.102836952954588e-16,Linear Regression,Ridge Regression,1.0715957601204634e-14,****
test_neg_mean_absolute_error,-16.084769806710906,3.4728457424910166e-21,Linear Regression,SVM-linear,7.292976059231134e-20,****
test_neg_mean_absolute_error,-16.865526920070675,4.823507011833535e-22,Linear Regression,SVM-rbf,1.0129364724850425e-20,****
test_neg_mean_absolute_error,-17.635281877918498,7.334395416777511e-23,Linear Regression,Random Forest,1.5402230375232774e-21,****
test_neg_mean_absolute_error,-44.61443288354287,7.059716441013869e-45,Linear Regression,XGBoost,1.4825404526129126e-43,****
test_neg_mean_absolute_error,-14.902907730593565,5.801968428646139e-21,Linear Regression,AutoGluon,1.218413370015689e-19,****
test_neg_mean_absolute_error,-15.891714720564117,5.716309834388957e-21,Ridge Regression,SVM-linear,1.200425065221681e-19,****
test_neg_mean_absolute_error,-16.681240971580454,7.641231753600598e-22,Ridge Regression,SVM-rbf,1.6046586682561256e-20,****
test_neg_mean_absolute_error,-17.453467964712097,1.1381536061919922e-22,Ridge Regression,Random Forest,2.3901225730031836e-21,****
test_neg_mean_absolute_error,-44.93284590854556,4.823626728543995e-45,Ridge Regression,XGBoost,1.012961612994239e-43,****
test_neg_mean_absolute_error,-14.550829903212545,1.6638715670700676e-20,Ridge Regression,AutoGluon,3.494130290847142e-19,****
test_neg_mean_absolute_error,-5.1923574362603855,3.986690117221563e-06,SVM-linear,SVM-rbf,8.372049246165283e-05,****
test_neg_mean_absolute_error,-2.196685533910375,0.03280350350895105,SVM-linear,Random Forest,0.6888735736879721,ns
test_neg_mean_absolute_error,-39.77606794496361,3.232860084905926e-42,SVM-linear,XGBoost,6.789006178302444e-41,****
test_neg_mean_absolute_error,-0.45027553083421107,0.6542817013160579,SVM-linear,AutoGluon,1.0,ns
test_neg_mean_absolute_error,0.6808182667515887,0.49919123897736106,SVM-rbf,Random Forest,1.0,ns
test_neg_mean_absolute_error,-39.07975756758111,8.265557916080197e-42,SVM-rbf,XGBoost,1.7357671623768413e-40,****
test_neg_mean_absolute_error,0.6705102156335533,0.5053384999909749,SVM-rbf,AutoGluon,1.0,ns
test_neg_mean_absolute_error,-38.906073785663146,1.0471717511625604e-41,Random Forest,XGBoost,2.1990606774413768e-40,****
test_neg_mean_absolute_error,0.5124429726740307,0.6103928947882568,Random Forest,AutoGluon,1.0,ns
test_neg_mean_absolute_error,25.31340845725453,8.54177318629153e-30,XGBoost,AutoGluon,1.7937723691212215e-28,****
train_neg_mean_absolute_error,22.018199640303845,4.6098250292664876e-27,Linear Regression,Ridge Regression,9.680632561459624e-26,****
train_neg_mean_absolute_error,80.90672032735571,7.859392834280683e-54,Linear Regression,SVM-linear,1.6504724951989434e-52,****
train_neg_mean_absolute_error,72.38735529543627,1.7533230676969787e-51,Linear Regression,SVM-rbf,3.6819784421636554e-50,****
train_neg_mean_absolute_error,4.421161299317587,5.444372166874723e-05,Linear Regression,Random Forest,0.0011433181550436918,**
train_neg_mean_absolute_error,-32.529744383135494,1.3175656964848292e-37,Linear Regression,XGBoost,2.7668879626181413e-36,****
train_neg_mean_absolute_error,-32.529744383135494,1.3175656964848292e-37,Linear Regression,AutoGluon,2.7668879626181413e-36,****
train_neg_mean_absolute_error,80.61080457391155,9.392790348403546e-54,Ridge Regression,SVM-linear,1.9724859731647445e-52,****
train_neg_mean_absolute_error,71.35910033113642,3.5116470561300876e-51,Ridge Regression,SVM-rbf,7.374458817873184e-50,****
train_neg_mean_absolute_error,4.266184750931698,9.055517349554024e-05,Ridge Regression,Random Forest,0.0019016586434063452,**
train_neg_mean_absolute_error,-22.047791850904513,5.58381640940844e-29,Ridge Regression,XGBoost,1.1726014459757724e-27,****
train_neg_mean_absolute_error,-22.047791850904513,5.58381640940844e-29,Ridge Regression,AutoGluon,1.1726014459757724e-27,****
train_neg_mean_absolute_error,-46.18175164887962,4.660418145408447e-42,SVM-linear,SVM-rbf,9.78687810535774e-41,****
train_neg_mean_absolute_error,-1.1734469925492537,0.2462890897910607,SVM-linear,Random Forest,1.0,ns
train_neg_mean_absolute_error,-81.44880162873606,4.945624209648443e-59,SVM-linear,XGBoost,1.0385810840261731e-57,****
train_neg_mean_absolute_error,-81.44880162873606,4.945624209648443e-59,SVM-linear,AutoGluon,1.0385810840261731e-57,****
train_neg_mean_absolute_error,0.7833176993809624,0.43721041690995543,SVM-rbf,Random Forest,1.0,ns
train_neg_mean_absolute_error,-75.12688942538313,4.0478413216649575e-57,SVM-rbf,XGBoost,8.50046677549641e-56,****
train_neg_mean_absolute_error,-75.12688942538313,4.0478413216649575e-57,SVM-rbf,AutoGluon,8.50046677549641e-56,****
train_neg_mean_absolute_error,-4.340369114207397,6.145337137765734e-05,Random Forest,XGBoost,0.0012905207989308042,**
train_neg_mean_absolute_error,-4.340369114207397,6.145337137765734e-05,Random Forest,AutoGluon,0.0012905207989308042,**
train_neg_mean_absolute_error,,,XGBoost,AutoGluon,,ns
test_neg_root_mean_squared_error,-12.791370151924278,3.108428009937209e-17,Linear Regression,Ridge Regression,6.52769882086814e-16,****
test_neg_root_mean_squared_error,-13.515172421075254,3.757788221432744e-18,Linear Regression,SVM-linear,7.891355265008761e-17,****
test_neg_root_mean_squared_error,-13.29553217454472,7.085168249265988e-18,Linear Regression,SVM-rbf,1.4878853323458576e-16,****
test_neg_root_mean_squared_error,-14.225620588417433,5.033483992637122e-19,Linear Regression,Random Forest,1.0570316384537956e-17,****
test_neg_root_mean_squared_error,-34.07868991091992,1.148857339979294e-38,Linear Regression,XGBoost,2.4126004139565177e-37,****
test_neg_root_mean_squared_error,-8.34579447324332,2.3908715644131507e-11,Linear Regression,AutoGluon,5.020830285267617e-10,****
test_neg_root_mean_squared_error,-13.271502859167693,7.596985976825188e-18,Ridge Regression,SVM-linear,1.5953670551332893e-16,****
test_neg_root_mean_squared_error,-13.059836651380744,1.4087455563247124e-17,Ridge Regression,SVM-rbf,2.958365668281896e-16,****
test_neg_root_mean_squared_error,-13.984105254193539,9.900127246244663e-19,Ridge Regression,Random Forest,2.0790267217113794e-17,****
test_neg_root_mean_squared_error,-33.80898958244246,1.7440500466893716e-38,Ridge Regression,XGBoost,3.6625050980476805e-37,****
test_neg_root_mean_squared_error,-7.992422367614361,8.972678930283613e-11,Ridge Regression,AutoGluon,1.8842625753595587e-09,****
test_neg_root_mean_squared_error,-3.2939768091397617,0.0018392381624826747,SVM-linear,SVM-rbf,0.03862400141213617,*
test_neg_root_mean_squared_error,-3.0911767500656535,0.003284681366652559,SVM-linear,Random Forest,0.06897830869970374,ns
test_neg_root_mean_squared_error,-22.113876799136577,4.814631913015965e-29,SVM-linear,XGBoost,1.0110727017333526e-27,****
test_neg_root_mean_squared_error,-0.19892112147024923,0.8430579825270794,SVM-linear,AutoGluon,1.0,ns
test_neg_root_mean_squared_error,-1.576760299356199,0.12128565834147195,SVM-rbf,Random Forest,1.0,ns
test_neg_root_mean_squared_error,-22.089994490034314,5.079338105305878e-29,SVM-rbf,XGBoost,1.0666610021142344e-27,****
test_neg_root_mean_squared_error,0.1317423013947838,0.8956688813352356,SVM-rbf,AutoGluon,1.0,ns
test_neg_root_mean_squared_error,-21.95894837478831,6.818836210536878e-29,Random Forest,XGBoost,1.4319556042127444e-27,****
test_neg_root_mean_squared_error,0.386803310054993,0.700394400672659,Random Forest,AutoGluon,1.0,ns
test_neg_root_mean_squared_error,13.308871815992582,6.81628819862058e-18,XGBoost,AutoGluon,1.4314205217103218e-16,****
train_neg_root_mean_squared_error,23.05199513616648,5.909917402249155e-28,Linear Regression,Ridge Regression,1.2410826544723226e-26,****
train_neg_root_mean_squared_error,49.98321140024344,1.0457536258832624e-43,Linear Regression,SVM-linear,2.196082614354851e-42,****
train_neg_root_mean_squared_error,37.20741250387064,1.3827505729951932e-37,Linear Regression,SVM-rbf,2.9037762032899057e-36,****
train_neg_root_mean_squared_error,6.345459480659514,6.851829976339487e-08,Linear Regression,Random Forest,1.4388842950312921e-06,****
train_neg_root_mean_squared_error,-32.66403589282582,1.06200076867498e-37,Linear Regression,XGBoost,2.2302016142174582e-36,****
train_neg_root_mean_squared_error,-32.66403589282582,1.06200076867498e-37,Linear Regression,AutoGluon,2.2302016142174582e-36,****
train_neg_root_mean_squared_error,49.73019382314399,1.334684775862426e-43,Ridge Regression,SVM-linear,2.8028380293110945e-42,****
train_neg_root_mean_squared_error,36.77885930034149,2.39286228955523e-37,Ridge Regression,SVM-rbf,5.025010808065983e-36,****
train_neg_root_mean_squared_error,6.163025854199336,1.3117058310870064e-07,Ridge Regression,Random Forest,2.7545822452827135e-06,****
train_neg_root_mean_squared_error,-23.262892615697776,3.8679842001284465e-30,Ridge Regression,XGBoost,8.122766820269737e-29,****
train_neg_root_mean_squared_error,-23.262892615697776,3.8679842001284465e-30,Ridge Regression,AutoGluon,8.122766820269737e-29,****
train_neg_root_mean_squared_error,-31.6428332513845,2.8348305536797947e-34,SVM-linear,SVM-rbf,5.953144162727569e-33,****
train_neg_root_mean_squared_error,-3.5049846578161303,0.00098648445321826,SVM-linear,Random Forest,0.02071617351758346,*
train_neg_root_mean_squared_error,-55.42031292170469,6.021562576731811e-50,SVM-linear,XGBoost,1.2645281411136803e-48,****
train_neg_root_mean_squared_error,-55.42031292170469,6.021562576731811e-50,SVM-linear,AutoGluon,1.2645281411136803e-48,****
train_neg_root_mean_squared_error,-1.7972514321125157,0.07845979816616465,SVM-rbf,Random Forest,1.0,ns
train_neg_root_mean_squared_error,-40.8147699516515,8.197090916027813e-43,SVM-rbf,XGBoost,1.7213890923658406e-41,****
train_neg_root_mean_squared_error,-40.8147699516515,8.197090916027813e-43,SVM-rbf,AutoGluon,1.7213890923658406e-41,****
train_neg_root_mean_squared_error,-6.1287758182054874,9.95809044879944e-08,Random Forest,XGBoost,2.0911989942478824e-06,****
train_neg_root_mean_squared_error,-6.1287758182054874,9.95809044879944e-08,Random Forest,AutoGluon,2.0911989942478824e-06,****
train_neg_root_mean_squared_error,,,XGBoost,AutoGluon,,ns
test_r_corr,-2.1064605360210575,0.04030910852387024,Linear Regression,Ridge Regression,0.8464912790012751,ns
test_r_corr,-5.654564011818996,7.93419678896351e-07,Linear Regression,SVM-linear,1.666181325682337e-05,****
test_r_corr,-6.483731143762036,4.185417570792361e-08,Linear Regression,SVM-rbf,8.789376898663959e-07,****
test_r_corr,-5.560198561446844,1.1054550361027885e-06,Linear Regression,Random Forest,2.3214555758158557e-05,****
test_r_corr,-5.678212435586401,5.29383550931687e-07,Linear Regression,XGBoost,1.1117054569565428e-05,****
test_r_corr,-6.5243094585949954,2.2632510626370522e-08,Linear Regression,AutoGluon,4.75282723153781e-07,****
test_r_corr,-5.651148942037255,8.03012918268141e-07,Ridge Regression,SVM-linear,1.686327128363096e-05,****
test_r_corr,-6.443849994417132,4.825053289246296e-08,Ridge Regression,SVM-rbf,1.0132611907417221e-06,****
test_r_corr,-5.5334463347171905,1.2142295164434568e-06,Ridge Regression,Random Forest,2.5498819845312592e-05,****
test_r_corr,-5.631358841258009,6.289506746235215e-07,Ridge Regression,XGBoost,1.3207964167093952e-05,****
test_r_corr,-6.4767212167192945,2.7062933308844744e-08,Ridge Regression,AutoGluon,5.683215994857396e-07,****
test_r_corr,-2.605159123906765,0.012125977838390378,SVM-linear,SVM-rbf,0.25464553460619793,ns
test_r_corr,-2.5274289458060575,0.014766040207161426,SVM-linear,Random Forest,0.31008684435038997,ns
test_r_corr,-2.5139411863921155,0.014895593536607266,SVM-linear,XGBoost,0.3128074642687526,ns
test_r_corr,-3.3844880301627898,0.0013211912788627293,SVM-linear,AutoGluon,0.027745016856117317,*
test_r_corr,-1.3630935206628791,0.1790841939405824,SVM-rbf,Random Forest,1.0,ns
test_r_corr,-1.4780430307860322,0.1451004653061459,SVM-rbf,XGBoost,1.0,ns
test_r_corr,-2.2554186356234474,0.02810625762495807,SVM-rbf,AutoGluon,0.5902314101241195,ns
test_r_corr,-0.32575721578117994,0.7458442128091105,Random Forest,XGBoost,1.0,ns
test_r_corr,-1.0884585887768872,0.2811393296384244,Random Forest,AutoGluon,1.0,ns
test_r_corr,-1.6479667935277862,0.10575795703989174,XGBoost,AutoGluon,1.0,ns
train_r_corr,10.767594152542305,1.6326350916072942e-14,Linear Regression,Ridge Regression,3.4285336923753177e-13,****
train_r_corr,38.939775737184775,1.5972733238479728e-38,Linear Regression,SVM-linear,3.354273980080743e-37,****
train_r_corr,25.601628092550197,5.0959180112318734e-30,Linear Regression,SVM-rbf,1.0701427823586935e-28,****
train_r_corr,2.851450787470052,0.0063534426016201425,Linear Regression,Random Forest,0.133422294634023,ns
train_r_corr,9638143698708294.0,0.0,Linear Regression,XGBoost,0.0,****
train_r_corr,9638143698708294.0,0.0,Linear Regression,AutoGluon,0.0,****
train_r_corr,38.93623765654562,1.6041815726950455e-38,Ridge Regression,SVM-linear,3.3687813026595956e-37,****
train_r_corr,25.587748632380467,5.2236606996151486e-30,Ridge Regression,SVM-rbf,1.0969687469191812e-28,****
train_r_corr,2.848889235938052,0.006397373070151467,Ridge Regression,Random Forest,0.1343448344731808,ns
train_r_corr,138321.47990630387,1.3830223922994833e-236,Ridge Regression,XGBoost,2.9043470238289148e-235,****
train_r_corr,138321.47990630387,1.3830223922994833e-236,Ridge Regression,AutoGluon,2.9043470238289148e-235,****
train_r_corr,-29.933501116166468,3.7782015015932727e-33,SVM-linear,SVM-rbf,7.934223153345872e-32,****
train_r_corr,-6.4999223257504495,3.9505706037512563e-08,SVM-linear,Random Forest,8.296198267877638e-07,****
train_r_corr,100.53850850615963,4.986575839159223e-64,SVM-linear,XGBoost,1.0471809262234368e-62,****
train_r_corr,100.53850850615963,4.986575839159223e-64,SVM-linear,AutoGluon,1.0471809262234368e-62,****
train_r_corr,-1.8945367031240627,0.06406311430945205,SVM-rbf,Random Forest,1.0,ns
train_r_corr,162.776638053155,1.68991048912556e-75,SVM-rbf,XGBoost,3.548812027163676e-74,****
train_r_corr,162.776638053155,1.68991048912556e-75,SVM-rbf,AutoGluon,3.548812027163676e-74,****
train_r_corr,28.8180721549448,7.17376575612304e-35,Random Forest,XGBoost,1.5064908087858384e-33,****
train_r_corr,28.8180721549448,7.17376575612304e-35,Random Forest,AutoGluon,1.5064908087858384e-33,****
train_r_corr,,,XGBoost,AutoGluon,,ns
test_spearmanr,-1.7992264244176865,0.07814252753968685,Linear Regression,Ridge Regression,1.0,ns
test_spearmanr,-5.98266186541301,2.488856190324278e-07,Linear Regression,SVM-linear,5.226597999680984e-06,****
test_spearmanr,-7.669791473153945,6.130226139394516e-10,Linear Regression,SVM-rbf,1.2873474892728483e-08,****
test_spearmanr,-7.882786759549532,2.8875859907810055e-10,Linear Regression,Random Forest,6.0639305806401115e-09,****
test_spearmanr,-6.357691448027133,4.229949765743398e-08,Linear Regression,XGBoost,8.882894508061136e-07,****
test_spearmanr,-7.304901416788335,1.1939113756334953e-09,Linear Regression,AutoGluon,2.5072138888303402e-08,****
test_spearmanr,-5.885444622699295,3.5121420989204036e-07,Ridge Regression,SVM-linear,7.375498407732848e-06,****
test_spearmanr,-7.55103141041562,9.338173824608093e-10,Ridge Regression,SVM-rbf,1.9610165031676995e-08,****
test_spearmanr,-7.78001776017863,4.15080204061968e-10,Ridge Regression,Random Forest,8.716684285301328e-09,****
test_spearmanr,-6.291091905078811,5.4286323148656957e-08,Ridge Regression,XGBoost,1.140012786121796e-06,****
test_spearmanr,-7.211320314586352,1.6994593964146893e-09,Ridge Regression,AutoGluon,3.568864732470848e-08,****
test_spearmanr,-4.0507267017445,0.0001816012759853815,SVM-linear,SVM-rbf,0.0038136267956930116,**
test_spearmanr,-4.108846673221571,0.0001507314663352774,SVM-linear,Random Forest,0.003165360793040825,**
test_spearmanr,-2.9657291076032792,0.004460002310358236,SVM-linear,XGBoost,0.09366004851752295,ns
test_spearmanr,-3.978475982443801,0.00020467641591656054,SVM-linear,AutoGluon,0.004298204734247771,**
test_spearmanr,-2.1643497339204787,0.03533846270822645,SVM-rbf,Random Forest,0.7421077168727555,ns
test_spearmanr,-1.3326460686527741,0.1881428286253538,SVM-rbf,XGBoost,1.0,ns
test_spearmanr,-2.2972758102059667,0.025433294086239174,SVM-rbf,AutoGluon,0.5340991758110226,ns
test_spearmanr,0.12913492278654168,0.897721975616929,Random Forest,XGBoost,1.0,ns
test_spearmanr,-0.8057219241847696,0.423873113647117,Random Forest,AutoGluon,1.0,ns
test_spearmanr,-2.0214968679377416,0.048707888347933825,XGBoost,AutoGluon,1.0,ns
train_spearmanr,12.554074587359317,6.304728737238759e-17,Linear Regression,Ridge Regression,1.3239930348201394e-15,****
train_spearmanr,31.087642657581643,6.481772013247598e-34,Linear Regression,SVM-linear,1.3611721227819955e-32,****
train_spearmanr,24.38864067728471,4.639025757662643e-29,Linear Regression,SVM-rbf,9.74195409109155e-28,****
train_spearmanr,1.926568927513051,0.05984365950741236,Linear Regression,Random Forest,1.0,ns
train_spearmanr,75206.17463576385,4.963821668260166e-222,Linear Regression,XGBoost,1.0424025503346348e-220,****
train_spearmanr,75206.17463576385,4.963821668260166e-222,Linear Regression,AutoGluon,1.0424025503346348e-220,****
train_spearmanr,31.087587064728904,6.482313129869412e-34,Ridge Regression,SVM-linear,1.3612857572725763e-32,****
train_spearmanr,24.387193960975274,4.6515206627227904e-29,Ridge Regression,SVM-rbf,9.76819339171786e-28,****
train_spearmanr,1.9265355766180488,0.059847926070880145,Ridge Regression,Random Forest,1.0,ns
train_spearmanr,74988.36955697459,5.822285540813926e-222,Ridge Regression,XGBoost,1.2226799635709245e-220,****
train_spearmanr,74988.36955697459,5.822285540813926e-222,Ridge Regression,AutoGluon,1.2226799635709245e-220,****
train_spearmanr,-28.805266455368194,2.2478504424652928e-32,SVM-linear,SVM-rbf,4.720485929177115e-31,****
train_spearmanr,-1.4470595526789292,0.15424783821282487,SVM-linear,Random Forest,1.0,ns
train_spearmanr,126.12322340702302,2.020833209682349e-69,SVM-linear,XGBoost,4.243749740332933e-68,****
train_spearmanr,126.12322340702302,2.020833209682349e-69,SVM-linear,AutoGluon,4.243749740332933e-68,****
train_spearmanr,1.5987367505955992,0.11630827026473448,SVM-rbf,Random Forest,1.0,ns
train_spearmanr,1273.5865622608228,1.296567451219058e-124,SVM-rbf,XGBoost,2.722791647560022e-123,****
train_spearmanr,1273.5865622608228,1.296567451219058e-124,SVM-rbf,AutoGluon,2.722791647560022e-123,****
train_spearmanr,14.829399818951815,7.220343171880592e-21,Random Forest,XGBoost,1.5162720660949245e-19,****
train_spearmanr,14.829399818951815,7.220343171880592e-21,Random Forest,AutoGluon,1.5162720660949245e-19,****
train_spearmanr,,,XGBoost,AutoGluon,,ns
