repeat,fold,Best_Model,score_val,score_test,test_r2,test_neg_root_mean_squared_error,test_neg_mean_absolute_error,test_r_corr,test_spearmanr,models_list
1,1,WeightedEnsemble_L3,0.05514985272839512,0.03284009735329807,0.03284009735329807,-15.371706530296056,-11.980464957874908,0.2049712425288542,0.20791709920616505,"['RandomForestMSE_BAG_L1', 'ExtraTreesMSE_BAG_L1', 'LightGBM_BAG_L1', 'WeightedEnsemble_L3', 'LightGBMXT_BAG_L2', 'LightGBMXT_BAG_L1', 'CatBoost_BAG_L1']"
1,2,WeightedEnsemble_L3,0.06589607327618408,0.006596139496597431,0.006596139496597431,-14.533624884289138,-11.89344015629334,0.19238876972200758,0.1916094774629967,"['LightGBMXT_BAG_L2', 'WeightedEnsemble_L3', 'LightGBMXT_BAG_L1', 'LightGBM_BAG_L2', 'LightGBM_BAG_L1', 'ExtraTreesMSE_BAG_L1', 'CatBoost_BAG_L1', 'RandomForestMSE_BAG_L1']"
1,3,WeightedEnsemble_L2,0.07532259127404028,-0.014138646262286336,-0.014138646262286336,-15.346371480756176,-12.407325496335002,0.07760255271275183,0.07632824845326637,"['LightGBMXT_BAG_L1', 'CatBoost_BAG_L1', 'WeightedEnsemble_L2', 'LightGBM_BAG_L1', 'RandomForestMSE_BAG_L1']"
1,4,WeightedEnsemble_L2,0.05092665191910328,0.05581383171447485,0.05581383171447485,-16.09302899972768,-12.91428400073531,0.27121916245833677,0.292819097515844,"['RandomForestMSE_BAG_L1', 'WeightedEnsemble_L2', 'LightGBM_BAG_L1', 'LightGBMXT_BAG_L1', 'CatBoost_BAG_L1']"
1,5,WeightedEnsemble_L2,0.053382932339530065,0.0383487711914422,0.0383487711914422,-16.186107289615,-13.127208777433317,0.23831234530103057,0.2502449439747385,"['LightGBMXT_BAG_L1', 'WeightedEnsemble_L2', 'LightGBM_BAG_L1', 'CatBoost_BAG_L1', 'ExtraTreesMSE_BAG_L1']"
2,1,WeightedEnsemble_L3,0.06350571654749004,0.03431738882491597,0.03431738882491597,-14.753298246857542,-11.8676215177457,0.21637489180133473,0.23669050936739727,"['RandomForestMSE_BAG_L1', 'LightGBMXT_BAG_L1', 'LightGBM_BAG_L1', 'WeightedEnsemble_L3', 'LightGBMXT_BAG_L2', 'LightGBM_BAG_L2', 'CatBoost_BAG_L1']"
2,2,WeightedEnsemble_L3,0.04088448119163157,0.06394406831095367,0.06394406831095367,-15.787678208307886,-12.304246394591924,0.3100248443465531,0.26703226226035837,"['RandomForestMSE_BAG_L1', 'WeightedEnsemble_L3', 'LightGBMXT_BAG_L2', 'LightGBM_BAG_L2', 'LightGBMXT_BAG_L1', 'LightGBM_BAG_L1', 'CatBoost_BAG_L1']"
2,3,WeightedEnsemble_L3,0.08419973732150876,0.008747567208600482,0.008747567208600482,-15.541589119358708,-12.894658602201021,0.1537459521124953,0.1827210396054073,"['LightGBMXT_BAG_L1', 'LightGBM_BAG_L1', 'WeightedEnsemble_L3', 'LightGBM_BAG_L2', 'RandomForestMSE_BAG_L1']"
2,4,WeightedEnsemble_L3,0.06826730923198865,0.022740360895993628,0.022740360895993628,-15.368494116617523,-12.280639558148808,0.15410151873358016,0.15423855688609822,"['LightGBM_BAG_L2', 'LightGBM_BAG_L1', 'WeightedEnsemble_L3', 'LightGBMXT_BAG_L2', 'LightGBMXT_BAG_L1', 'CatBoost_BAG_L1', 'RandomForestMSE_BAG_L1']"
2,5,WeightedEnsemble_L3,0.06170410280788996,0.020912799859331366,0.020912799859331366,-15.958040753758803,-12.961049999711076,0.14691908035620774,0.16313429925312686,"['LightGBMXT_BAG_L2', 'LightGBMXT_BAG_L1', 'WeightedEnsemble_L3', 'LightGBM_BAG_L1', 'CatBoost_BAG_L1', 'LightGBM_BAG_L2', 'RandomForestMSE_BAG_L1']"
3,1,WeightedEnsemble_L2,0.061441564065202514,0.04677512841577791,0.04677512841577791,-15.16647302797354,-12.435111322346524,0.25389161933574206,0.2596903675300531,"['LightGBMXT_BAG_L1', 'WeightedEnsemble_L2', 'LightGBM_BAG_L1', 'RandomForestMSE_BAG_L1']"
3,2,WeightedEnsemble_L2,0.07870867263107417,0.02128123132840476,0.02128123132840476,-15.506080524789462,-12.13565551035503,0.16836153794737133,0.16515598896838987,"['WeightedEnsemble_L2', 'LightGBM_BAG_L1', 'RandomForestMSE_BAG_L1', 'CatBoost_BAG_L1', 'LightGBMXT_BAG_L1']"
3,3,WeightedEnsemble_L3,0.05210839626524211,0.047670144684262006,0.047670144684262006,-15.303441312593119,-12.52127476979995,0.2667542692116257,0.2569312139683754,"['RandomForestMSE_BAG_L1', 'LightGBMXT_BAG_L1', 'WeightedEnsemble_L3', 'LightGBM_BAG_L1', 'LightGBMXT_BAG_L2', 'CatBoost_BAG_L1']"
3,4,WeightedEnsemble_L2,0.05426028213537859,0.041983752494748616,0.041983752494748616,-15.842560075419142,-12.798225222254645,0.24513296616602526,0.2591677240268273,"['RandomForestMSE_BAG_L1', 'WeightedEnsemble_L2', 'LightGBM_BAG_L1', 'CatBoost_BAG_L1', 'LightGBMXT_BAG_L1']"
3,5,WeightedEnsemble_L2,0.07012161631056946,0.034230504721696864,0.034230504721696864,-15.317770104658383,-12.329306653265418,0.20065264279559403,0.165926110163051,"['LightGBM_BAG_L1', 'WeightedEnsemble_L2', 'RandomForestMSE_BAG_L1', 'LightGBMXT_BAG_L1']"
4,1,WeightedEnsemble_L2,0.07633714533322433,-0.0021296317437333734,-0.0021296317437333734,-17.130085922716383,-13.595474784896219,0.09177319816383986,0.07205502354934502,"['LightGBMXT_BAG_L1', 'WeightedEnsemble_L2', 'RandomForestMSE_BAG_L1', 'LightGBM_BAG_L1']"
4,2,WeightedEnsemble_L3,0.0596157508439098,0.042366475073724374,0.042366475073724374,-14.129916797249193,-11.388714062391653,0.21215209847035557,0.21513815458854024,"['WeightedEnsemble_L3', 'LightGBM_BAG_L1', 'LightGBMXT_BAG_L2', 'RandomForestMSE_BAG_L1', 'LightGBMXT_BAG_L1', 'CatBoost_BAG_L1']"
4,3,WeightedEnsemble_L3,0.06570746703323815,0.04724895814290686,0.04724895814290686,-16.220253651274074,-12.847495039539224,0.24544445636322762,0.23989963034321365,"['RandomForestMSE_BAG_L1', 'LightGBMXT_BAG_L1', 'LightGBMXT_BAG_L2', 'WeightedEnsemble_L3', 'LightGBM_BAG_L1']"
4,4,WeightedEnsemble_L2,0.051905364774862295,0.06357382494376307,0.06357382494376307,-14.774863997979688,-12.0190676175631,0.2828590601125084,0.25612261995257357,"['RandomForestMSE_BAG_L1', 'LightGBMXT_BAG_L1', 'WeightedEnsemble_L2', 'CatBoost_BAG_L1', 'LightGBM_BAG_L1']"
4,5,WeightedEnsemble_L2,0.06935623682485559,0.02494243891069392,0.02494243891069392,-14.972519251886164,-12.187976159993008,0.15971854401969793,0.18429933665838139,"['LightGBMXT_BAG_L1', 'WeightedEnsemble_L2', 'LightGBM_BAG_L1']"
5,1,WeightedEnsemble_L2,0.06305353603917008,0.04096314945621571,0.04096314945621571,-15.622785681981181,-12.522954094339404,0.2127277422129557,0.20182609031458776,"['LightGBM_BAG_L1', 'WeightedEnsemble_L2', 'ExtraTreesMSE_BAG_L1', 'LightGBMXT_BAG_L1']"
5,2,WeightedEnsemble_L2,0.04889550112739571,0.07346847610300145,0.07346847610300145,-14.83997965140922,-12.091233518702039,0.2984900271376298,0.28878148205283166,"['RandomForestMSE_BAG_L1', 'LightGBMXT_BAG_L1', 'WeightedEnsemble_L2', 'LightGBM_BAG_L1']"
5,3,WeightedEnsemble_L3,0.05747368670742348,0.018778561629700263,0.018778561629700263,-14.627497142899486,-11.752494044557832,0.17634477561912743,0.16882105287053736,"['LightGBMXT_BAG_L2', 'WeightedEnsemble_L3', 'LightGBM_BAG_L2', 'LightGBM_BAG_L1', 'LightGBMXT_BAG_L1', 'RandomForestMSE_BAG_L1', 'CatBoost_BAG_L1']"
5,4,WeightedEnsemble_L3,0.06625011259707536,0.024379536580321326,0.024379536580321326,-15.871945280965122,-12.604412485156539,0.16598247609977373,0.19456313617205154,"['LightGBMXT_BAG_L2', 'LightGBMXT_BAG_L1', 'LightGBM_BAG_L1', 'WeightedEnsemble_L3', 'LightGBM_BAG_L2', 'RandomForestMSE_BAG_L1']"
5,5,WeightedEnsemble_L3,0.056301995738241906,0.012895720185922555,0.012895720185922555,-16.347629153657035,-13.216484318118123,0.12121315254248331,0.1320190076164318,"['LightGBMXT_BAG_L1', 'WeightedEnsemble_L3', 'LightGBM_BAG_L1', 'RandomForestMSE_BAG_L1', 'LightGBMXT_BAG_L2']"
6,1,WeightedEnsemble_L2,0.053527342938797684,0.048865997371793535,0.048865997371793535,-15.501659019728292,-12.430382136057114,0.22790028116069758,0.2258787663985296,"['RandomForestMSE_BAG_L1', 'WeightedEnsemble_L2', 'LightGBM_BAG_L1', 'LightGBMXT_BAG_L1']"
6,2,WeightedEnsemble_L3,0.07642280013411751,0.021536667344154603,0.021536667344154603,-15.299697419901127,-12.548847266202849,0.1625978139728665,0.13930343582055746,"['LightGBM_BAG_L2', 'LightGBMXT_BAG_L2', 'WeightedEnsemble_L3', 'LightGBMXT_BAG_L1', 'LightGBM_BAG_L1', 'RandomForestMSE_BAG_L1']"
6,3,WeightedEnsemble_L3,0.04262193979882112,0.06237918701846601,0.06237918701846601,-15.33212601796178,-12.464095031015972,0.3503348313615329,0.3579404599952082,"['RandomForestMSE_BAG_L1', 'LightGBMXT_BAG_L2', 'WeightedEnsemble_L3', 'LightGBM_BAG_L2', 'LightGBM_BAG_L1', 'LightGBMXT_BAG_L1']"
6,4,WeightedEnsemble_L2,0.047792759722014244,0.05181622561370269,0.05181622561370269,-15.207970415348187,-12.157554491031805,0.2498677288854632,0.22460446767522693,"['RandomForestMSE_BAG_L1', 'WeightedEnsemble_L2', 'LightGBMXT_BAG_L1', 'LightGBM_BAG_L1']"
6,5,WeightedEnsemble_L2,0.06019419834096884,-0.0022446336038079995,-0.0022446336038079995,-15.876490777213581,-12.504473669289132,0.11823735821427168,0.1292970773242413,"['CatBoost_BAG_L1', 'WeightedEnsemble_L2', 'RandomForestMSE_BAG_L1', 'LightGBMXT_BAG_L1']"
7,1,WeightedEnsemble_L2,0.05022134911889187,0.03180927611026285,0.03180927611026285,-15.877667897625049,-12.646020832851793,0.23431690480760772,0.23242910536833344,"['RandomForestMSE_BAG_L1', 'LightGBMXT_BAG_L1', 'WeightedEnsemble_L2', 'LightGBM_BAG_L1']"
7,2,WeightedEnsemble_L3,0.05734873893375225,0.041632498082251335,0.041632498082251335,-14.429555785761,-11.570345703666732,0.20514509325387617,0.2248268008871509,"['LightGBMXT_BAG_L1', 'LightGBM_BAG_L2', 'LightGBMXT_BAG_L2', 'WeightedEnsemble_L3', 'LightGBM_BAG_L1', 'RandomForestMSE_BAG_L1']"
7,3,WeightedEnsemble_L2,0.08015353036350603,0.022483430954027273,0.022483430954027273,-15.554765538426102,-12.705579520682612,0.1628094723849175,0.1380269084990943,"['LightGBMXT_BAG_L1', 'WeightedEnsemble_L2', 'LightGBM_BAG_L1', 'RandomForestMSE_BAG_L1']"
7,4,WeightedEnsemble_L2,0.05153881023744544,0.049187147278781596,0.049187147278781596,-15.362856386211675,-12.33342630059056,0.26546653083846006,0.26932859721734503,"['LightGBMXT_BAG_L1', 'LightGBM_BAG_L1', 'WeightedEnsemble_L2', 'CatBoost_BAG_L1']"
7,5,WeightedEnsemble_L2,0.054066707664555236,0.034678102793933685,0.034678102793933685,-15.983756462222285,-12.841239838910527,0.21104712596989242,0.21598959130133294,"['ExtraTreesMSE_BAG_L1', 'WeightedEnsemble_L2', 'CatBoost_BAG_L1', 'LightGBM_BAG_L1', 'LightGBMXT_BAG_L1']"
8,1,WeightedEnsemble_L3,0.05008773712987746,0.04489226093968124,0.04489226093968124,-14.262827725128393,-11.618780169966659,0.2425938271814783,0.21772975816199794,"['RandomForestMSE_BAG_L1', 'WeightedEnsemble_L3', 'LightGBMXT_BAG_L2', 'LightGBMXT_BAG_L1', 'LightGBM_BAG_L1']"
8,2,WeightedEnsemble_L2,0.05751815699382756,0.043796758101990685,0.043796758101990685,-15.210453227677629,-12.67646410338272,0.24591525139497544,0.288526657344261,"['LightGBMXT_BAG_L1', 'WeightedEnsemble_L2', 'CatBoost_BAG_L1', 'LightGBM_BAG_L1']"
8,3,WeightedEnsemble_L3,0.05372249277437502,0.024278862002584112,0.024278862002584112,-15.370984411797366,-12.113172542414016,0.1826766287495117,0.15553503952385275,"['LightGBMXT_BAG_L1', 'LightGBMXT_BAG_L2', 'WeightedEnsemble_L3', 'LightGBM_BAG_L2', 'LightGBM_BAG_L1', 'RandomForestMSE_BAG_L1']"
8,4,WeightedEnsemble_L2,0.05462245519577846,0.031078836250819752,0.031078836250819752,-15.173209121351178,-12.180998266095946,0.18240132551115526,0.18137212808765535,"['ExtraTreesMSE_BAG_L1', 'LightGBMXT_BAG_L1', 'CatBoost_BAG_L1', 'WeightedEnsemble_L2', 'RandomForestMSE_BAG_L1', 'LightGBM_BAG_L1']"
8,5,WeightedEnsemble_L2,0.07303802909666868,0.04791427436786677,0.04791427436786677,-16.996484346158315,-13.384918912627993,0.23764554142906305,0.23975648755089168,"['LightGBMXT_BAG_L1', 'WeightedEnsemble_L2', 'LightGBM_BAG_L1']"
9,1,WeightedEnsemble_L2,0.04022376836171815,0.04651082928607997,0.04651082928607997,-15.640694628754945,-12.735083540515786,0.24106205071276718,0.2745703925145826,"['ExtraTreesMSE_BAG_L1', 'LightGBMXT_BAG_L1', 'WeightedEnsemble_L2', 'LightGBM_BAG_L1', 'RandomForestMSE_BAG_L1']"
9,2,WeightedEnsemble_L3,0.07432724887566577,0.015180615434424838,0.015180615434424838,-16.050823030628322,-12.734725500704974,0.15330805967586553,0.14377748930456685,"['LightGBMXT_BAG_L1', 'WeightedEnsemble_L3', 'LightGBMXT_BAG_L2', 'LightGBM_BAG_L1', 'RandomForestMSE_BAG_L1']"
9,3,WeightedEnsemble_L2,0.0783765453291746,0.009855536359111738,0.009855536359111738,-15.608305685428949,-12.38788155550082,0.11838631350704508,0.1278140628697267,"['LightGBMXT_BAG_L1', 'WeightedEnsemble_L2', 'LightGBM_BAG_L1']"
9,4,WeightedEnsemble_L2,0.06745401265367701,0.027670933264807962,0.027670933264807962,-14.949243140565994,-12.15355185785237,0.18780933494397045,0.1745631265235145,"['LightGBMXT_BAG_L1', 'WeightedEnsemble_L2', 'LightGBM_BAG_L1']"
9,5,WeightedEnsemble_L3,0.0569038542386856,0.06790269109360025,0.06790269109360025,-15.098267918978587,-12.285086998572716,0.30371014267692575,0.30043355670814204,"['RandomForestMSE_BAG_L1', 'LightGBMXT_BAG_L2', 'WeightedEnsemble_L3', 'LightGBM_BAG_L1', 'LightGBMXT_BAG_L1']"
10,1,WeightedEnsemble_L2,0.04822830887687424,0.03023885776463653,0.03023885776463653,-15.045860086016935,-12.040912109013846,0.1759898218918235,0.17576727976126766,"['ExtraTreesMSE_BAG_L1', 'WeightedEnsemble_L2', 'LightGBMXT_BAG_L1']"
10,2,WeightedEnsemble_L2,0.06361754205213599,0.02061110660521681,0.02061110660521681,-14.925092268742041,-11.410717665091068,0.16726875742294045,0.20039499846283731,"['LightGBMXT_BAG_L1', 'WeightedEnsemble_L2', 'LightGBM_BAG_L1', 'RandomForestMSE_BAG_L1']"
10,3,WeightedEnsemble_L2,0.06424756002873888,0.021962272397655913,0.021962272397655913,-16.081118393553645,-13.049769339476816,0.20963228442838325,0.17736290463912352,"['ExtraTreesMSE_BAG_L1', 'RandomForestMSE_BAG_L1', 'WeightedEnsemble_L2', 'LightGBMXT_BAG_L1', 'LightGBM_BAG_L1']"
10,4,WeightedEnsemble_L2,0.06504512171111887,0.016690725518017424,0.016690725518017424,-15.436389524823158,-12.69095207530366,0.1729449192767703,0.19461859773699391,"['ExtraTreesMSE_BAG_L1', 'WeightedEnsemble_L2', 'LightGBMXT_BAG_L1']"
10,5,WeightedEnsemble_L2,0.054071094531564,0.060888851568912994,0.060888851568912994,-15.853981487534,-12.779863978278707,0.2603678140918975,0.24714521071526507,"['RandomForestMSE_BAG_L1', 'ExtraTreesMSE_BAG_L1', 'WeightedEnsemble_L2', 'LightGBMXT_BAG_L1', 'LightGBM_BAG_L1']"
