Feature Combination,Model,Target,Performance Test Set MAE VETSA,Performance Test Set RMSE VETSA,Performance Test Set R2 VETSA,Performance Test Set Pearson r VETSA,Performance Test Set Pearson r p-value VETSA,Performance Test Set Spearman r VETSA,Performance Test Set Spearman r p-value VETSA
Brain,AutoGluon,Memory_Digit,15.250533739103656,17.83370862308956,-1.3807060315421458,0.0467121576109691,0.291913956276689,0.0464214542305388,0.2949307255013115
Brain,AutoGluon,Memory_Letter,24.25719245552672,26.61228907509301,-4.853507902353685,0.0773072575160112,0.0808303598884811,0.0567576641117072,0.2002234446768547
Brain,AutoGluon,Stroop,14.755239350916806,16.215398439785535,-4.74197122790108,0.1854058643628802,2.4701068692121567e-05,0.1814906437115024,3.6764303276130326e-05
Brain,XGBoost,Memory_Digit,13.486865250798358,15.937244044219456,-0.9012922805639016,0.0324652371675538,0.4639961453625407,0.0309537905422238,0.4850685466643896
Brain,XGBoost,Memory_Letter,21.81921138339339,24.33877488160965,-3.8960875140491487,-0.0100222007219148,0.8211969079589869,-0.0116115283812261,0.7934384672306127
Brain,XGBoost,Stroop,14.772204011986544,16.269307634176055,-4.780213839827019,0.1388719763169651,0.0016505835471917,0.1499620640940998,0.0006716747241844
Cov,AutoGluon,Memory_Digit,12.354133877191217,14.731135097890792,-0.6244070429917461,0.031552483160864,0.4766603973809237,0.0223831128351123,0.6136983871144704
Cov,AutoGluon,Memory_Letter,20.01141808380344,22.635419616272717,-3.234760408436636,0.0349603699791813,0.4303483555273171,0.0190656193540808,0.6672190302155993
Cov,AutoGluon,Stroop,12.457189623722886,14.205272374237516,-3.406612821577124,0.107169420650249,0.01536545897596,0.1086786298011092,0.0139720232051824
Cov,XGBoost,Memory_Digit,12.102855065253072,14.450724851542372,-0.5631537718120041,0.0556827915844042,0.2088915338085017,0.0503951928088038,0.2554832257231272
Cov,XGBoost,Memory_Letter,19.49929878583645,22.209517403220648,-3.076899332123495,0.0337115208063819,0.4470099891468979,0.0205936258864264,0.6423364843607283
Cov,XGBoost,Stroop,15.448956755037862,16.83402597318207,-5.18844803998056,0.1514461976247038,0.0005926922110599,0.1390551039293971,0.0016270848949605
Sleep,AutoGluon,Memory_Digit,16.86200041002646,19.4951791979589,-1.8449648309013469,0.0038380446806349,0.9310307732847104,-0.0578695315137002,0.1915356416536444
Sleep,AutoGluon,Memory_Letter,26.380787114319563,28.537169188211145,-5.730905984344085,0.0800540947340866,0.0705880365035184,0.0426211641816004,0.3362796675708115
Sleep,AutoGluon,Stroop,20.19221052332525,21.356402662697683,-8.960060220825383,-0.0461559047741505,0.2977045997912712,-0.0542244767018659,0.2210806512450223
Sleep,XGBoost,Memory_Digit,17.724878742892376,20.36677554690289,-2.105038528979762,-0.0323384951118383,0.4657434168103767,-0.0128111218192616,0.7726563630721286
Sleep,XGBoost,Memory_Letter,27.47287619811617,29.57889129843016,-6.231285812351835,0.0062391452073899,0.8881118574655052,0.0582313663558161,0.1887688862464383
Sleep,XGBoost,Stroop,20.526398152263518,21.61689200579648,-9.20451265991681,0.0296447455585914,0.5037286636804043,0.0330131819706412,0.4564841833407006
Sleep_APOE,AutoGluon,Memory_Digit,16.749913172712535,19.40741243435064,-1.8194065842262943,-0.0237723024577214,0.5918617947484651,-0.0676720051930792,0.1265741118245547
Sleep_APOE,AutoGluon,Memory_Letter,26.25525507229584,28.432574292372852,-5.68165595426289,0.0565210168728202,0.2021089927760401,0.0267653035615959,0.546066779659791
Sleep_APOE,AutoGluon,Stroop,19.258265776385848,20.53199406142829,-8.205937518124003,-0.030278650492889,0.49464560886257,-0.0196895561118745,0.6570125407014606
Sleep_APOE,XGBoost,Memory_Digit,18.6402266988238,21.260501553992626,-2.3835254726490804,-0.0390041264610629,0.3789265149504801,-0.024596833874855,0.5790716171499753
Sleep_APOE,XGBoost,Memory_Letter,28.581195728864515,30.5805681058984,-6.729347674237095,0.0912480288443989,0.0392132867576975,0.0831513850964496,0.0603383018745427
Sleep_APOE,XGBoost,Stroop,20.129068370176935,21.24606322536051,-8.857407310792995,-0.0502494057701561,0.256862520663881,-0.055089390610484,0.2137914792103817
Sleep_APOE_Shuffle,AutoGluon,Memory_Digit,16.55205509760609,19.19765323008632,-1.7587905162441966,-0.0264380884150305,0.5509869828248545,-0.0554021291740875,0.21119886688808
Sleep_APOE_Shuffle,AutoGluon,Memory_Letter,25.972962094746904,28.17065934783124,-5.55912289794461,0.0618679923058907,0.1625765788471649,0.0090198144072858,0.8388220075889606
Sleep_APOE_Shuffle,AutoGluon,Stroop,18.90297557871077,20.209559697884732,-7.919067823349376,-0.0488574192982074,0.270291811875693,-0.033415398084807,0.451013730236432
Sleep_APOE_Shuffle,XGBoost,Memory_Digit,18.949072388053647,21.55742087944953,-2.4786924981331806,0.0185921049962899,0.6750061906121015,0.0098090487070481,0.8249375813797067
Sleep_APOE_Shuffle,XGBoost,Memory_Letter,28.912290832746116,30.906467411994004,-6.8949699451004856,0.0706299129064118,0.1107808932064005,0.0645087496527768,0.1453411789789002
Sleep_APOE_Shuffle,XGBoost,Stroop,20.42906056759067,21.54153461330015,-9.133489951588286,-0.0278046025273914,0.5305847406610389,-0.0213662908877398,0.6299027013587999
Sleep_Cov,AutoGluon,Memory_Digit,11.500500466881125,13.849533203599917,-0.4357959058965412,0.0310844611144235,0.4832265799667546,0.0251007864801654,0.5713185428957201
Sleep_Cov,AutoGluon,Memory_Digit_rgo_age,12.514834529015632,14.845610254196345,-0.6489006181341046,0.0447888834577783,0.3122585589865579,0.0101666462030947,0.8186642846668034
Sleep_Cov,AutoGluon,Memory_Letter,18.44643490637384,21.172967043018584,-2.705230133707288,0.0276857259517164,0.5323442831896564,0.0324505253323958,0.464198776483247
Sleep_Cov,AutoGluon,Memory_Letter_rgo_age,20.19558134511716,22.781998055187845,-3.297078667575206,0.0532735584230353,0.2292977133697397,0.0288600528682171,0.5150927431364961
Sleep_Cov,AutoGluon,Stroop,12.035436941624804,13.79803875822988,-3.1575787498986774,0.0499813820558723,0.2594117283899608,0.0614711455196633,0.1652943353724934
Sleep_Cov,AutoGluon,Stroop_rgo_age,13.145875646728664,14.686071991430868,-3.710063722887506,-0.0184132697395886,0.6779563235865317,0.001637145246413,0.9705507318814972
Sleep_Cov,XGBoost,Memory_Digit,11.625147193067615,14.035355285038662,-0.4745831275045704,0.0451770973651952,0.3080787162621426,0.0451644086718966,0.308214747394523
Sleep_Cov,XGBoost,Memory_Digit_rgo_age,13.060314449622052,15.521549110755377,-0.8024718799678625,0.0058893551323772,0.8943469548809968,0.0084757290898407,0.8484231954021664
Sleep_Cov,XGBoost,Memory_Letter,18.505927216787764,21.33095807656477,-2.760732720207756,0.0521239377461842,0.2395182180244957,0.0550216161936067,0.2143563366939984
Sleep_Cov,XGBoost,Memory_Letter_rgo_age,21.269251567917934,23.75741880972137,-3.6729183331171376,0.0316011238465011,0.4759807920413919,-0.0182805829009164,0.6801483638544069
Sleep_Cov,XGBoost,Stroop,17.75096962290859,18.967196373995588,-6.856191194745278,0.1475637999821323,0.0008201874328737,0.148281897604152,0.0007728074804809
Sleep_Cov,XGBoost,Stroop_rgo_age,14.03804589018149,15.484308271969196,-4.23599345607959,0.0981039525590348,0.0265827391667844,0.0773062596144889,0.0808342885340095
Sleep_Cov_APOE,AutoGluon,Memory_Digit,10.8406406609124,13.12348868331916,-0.2892022095162905,0.0181483604335374,0.6823354166671104,0.0307362953543743,0.4881428044173455
Sleep_Cov_APOE,AutoGluon,Memory_Letter,17.004685837871804,19.826898826514864,-2.249086886314396,0.0444507373942269,0.315929547528617,0.0394170452284303,0.3738966772191278
Sleep_Cov_APOE,AutoGluon,Stroop,13.138945645892184,14.759355188629408,-3.7570808389350727,0.075673651691673,0.0874716882705371,0.0967267269018925,0.0287928206065712
Sleep_Cov_APOE,XGBoost,Memory_Digit,14.310989728256994,16.881666240089952,-1.133305527029734,0.0228391560038787,0.6064908160041017,0.0187513551752989,0.6723833230935663
Sleep_Cov_APOE,XGBoost,Memory_Letter,23.08517552628433,25.498564486207165,-4.373821133675036,0.0098460351136439,0.824288208195412,0.0141532240705031,0.7495972388584945
Sleep_Cov_APOE,XGBoost,Stroop,17.31978362681722,18.60627210749965,-6.560047061804184,0.0534215900739431,0.2280044973248725,0.0438725918142649,0.3222712044034244
Sleep_Cov_APOE_Shuffle,AutoGluon,Memory_Digit,11.41542297084582,13.720976830854577,-0.4092644642203882,0.0062174319789307,0.8884987044834124,0.0120083706745973,0.7865464575333748
Sleep_Cov_APOE_Shuffle,AutoGluon,Memory_Letter,18.14614213132171,20.91954137262576,-2.617062911977184,0.0238529232648126,0.5906055117701727,0.0188534688312899,0.6707035871123677
Sleep_Cov_APOE_Shuffle,AutoGluon,Stroop,12.697744319502668,14.267603174981154,-3.445368897592949,0.0991010527639563,0.0250752883115346,0.107161737999275,0.0153728535661762
Sleep_Cov_APOE_Shuffle,XGBoost,Memory_Digit,11.893931546245462,14.34331714898452,-0.5400032651652613,0.040228433246684,0.3641336977774109,0.0422917100028924,0.3400315765923282
Sleep_Cov_APOE_Shuffle,XGBoost,Memory_Letter,18.76130523682817,21.689125079908795,-2.8880855393794693,0.0330693049606309,0.4557186415201775,0.0285354519064629,0.5198322012546609
Sleep_Cov_APOE_Shuffle,XGBoost,Stroop,15.89139442711687,17.288728748078437,-5.52727460420293,0.0615889222622832,0.1644842220371754,0.0826606982054608,0.0618749132950991
Sleep_Cov_Brain,AutoGluon,Memory_Digit,13.927960907798616,16.440315689754616,-1.0232182991115777,0.0075284931075784,0.8651913754083291,0.0112025372613988,0.8005583317196159
Sleep_Cov_Brain,AutoGluon,Memory_Digit_rgo_age,12.930723996738603,15.361536420721938,-0.7654998342009018,0.0321010402160775,0.4690267689670656,0.0412442264780872,0.3521375189635582
Sleep_Cov_Brain,AutoGluon,Memory_Letter,22.435771248295644,24.889626197828925,-4.12021848170353,0.0417867284932438,0.3458341504392687,0.0379419688688089,0.3920543575427914
Sleep_Cov_Brain,AutoGluon,Memory_Letter_rgo_age,20.973125400185843,23.49561376439083,-3.5704953593854247,0.0955710240163546,0.0307673865708357,0.072577855052521,0.1012572563938136
Sleep_Cov_Brain,AutoGluon,Stroop,13.337774263450664,14.8524461988082,-3.817278322094811,0.1510794451540073,0.0006113652921642,0.1628061928645362,0.0002190585282842
Sleep_Cov_Brain,AutoGluon,Stroop_rgo_age,12.092050205970423,13.684079871344824,-3.08927839508074,0.0617785266889979,0.1631863193207575,0.0801106233180576,0.070388955781308
Sleep_Cov_Brain,XGBoost,Memory_Digit,12.922623377412425,15.435503308324538,-0.7834626940825213,0.0173269876288243,0.6959805279876456,0.0149053722686693,0.7367697647138753
Sleep_Cov_Brain,XGBoost,Memory_Digit_rgo_age,13.155064700479912,15.646139433437208,-0.8315246319995511,-0.0084936110483959,0.8481072770611304,0.0043185526960101,0.9224217668778658
Sleep_Cov_Brain,XGBoost,Memory_Letter,20.69923828589128,23.4053401643208,-3.527741866998639,0.0325070192940996,0.4634209337396957,0.0171883094666214,0.6982941898595874
Sleep_Cov_Brain,XGBoost,Memory_Letter_rgo_age,21.274758901249395,23.81835968531217,-3.69692236952997,0.0456908847062102,0.3026038474148161,0.04249745196416,0.3376854087337734
Sleep_Cov_Brain,XGBoost,Stroop,14.63465632115601,16.07645125269641,-4.643988744079362,0.1356136506186196,0.0021242641263245,0.1434384613598979,0.0011485504810925
Sleep_Cov_Brain,XGBoost,Stroop_rgo_age,13.043623269745408,14.58279279358841,-3.6440500021439206,0.0842275606253363,0.0570784701580371,0.0808495600307116,0.0678285809716177
Sleep_Cov_Brain_APOE,AutoGluon,Memory_Digit,13.230815076237011,15.736368386836228,-0.8536659251839438,0.0270654639323218,0.5415725676160407,0.0201639436545962,0.6492947479474243
Sleep_Cov_Brain_APOE,AutoGluon,Memory_Letter,21.473303324793907,23.98146754894761,-3.7533879068002074,0.065784806631949,0.1375297606288657,0.050463155926315,0.254841982197584
Sleep_Cov_Brain_APOE,AutoGluon,Stroop,13.301497119528094,14.82498871074392,-3.79948352961768,0.1508297972359392,0.0006243866910992,0.1579254689199622,0.0003387289761662
Sleep_Cov_Brain_APOE,XGBoost,Memory_Digit,13.244922167634313,15.735874500603536,-0.8535495723264792,-0.0306902627471717,0.4887948083984199,-0.0276088878992015,0.5334831609285311
Sleep_Cov_Brain_APOE,XGBoost,Memory_Letter,21.165911466109527,23.7876213182705,-3.676853615901874,0.0208056868579842,0.6389138264277658,0.0279040328343327,0.5291152946823448
Sleep_Cov_Brain_APOE,XGBoost,Stroop,13.795294230808212,15.33104749031748,-4.1327418359172885,0.1229036175503962,0.0054020936249231,0.131001250784658,0.0030085116548839
Sleep_Cov_Brain_APOE_Shuffle,AutoGluon,Memory_Digit,13.706833097255084,16.22322315708531,-0.97013834243267,0.0135252381639102,0.7603605189689643,0.0168440046560074,0.7040505189974793
Sleep_Cov_Brain_APOE_Shuffle,AutoGluon,Memory_Letter,22.12967472239814,24.612003931958885,-4.006632289774608,0.0468952754804691,0.2900243033300493,0.0378513495539273,0.3931869691549022
Sleep_Cov_Brain_APOE_Shuffle,AutoGluon,Stroop,13.007043896137272,14.55998125332976,-3.629428645609691,0.1433526449223359,0.001156517237375,0.1462670489336716,0.0009126157588585
Sleep_Cov_Brain_APOE_Shuffle,XGBoost,Memory_Digit,13.85553818843914,16.40547915183031,-1.0146531051345224,0.0530684474399515,0.2310981674170236,0.0499885919938979,0.2593429259081131
Sleep_Cov_Brain_APOE_Shuffle,XGBoost,Memory_Letter,22.26688580745323,24.81510734068941,-4.089604791711754,0.059236806854372,0.1812352767813279,0.0657181963262381,0.1379293664594855
Sleep_Cov_Brain_APOE_Shuffle,XGBoost,Stroop,15.8100743904695,17.24383354527598,-5.493418693181537,0.0166134160176383,0.7079151598316953,0.0246584778296457,0.578120614566041
Sleep_Cov_Brain_Shuffle,AutoGluon,Memory_Digit,15.164015718324473,17.761467084325616,-1.3614573685870548,-0.0295292302434433,0.5053932567092763,-0.028890881639288,0.5146437824744596
Sleep_Cov_Brain_Shuffle,AutoGluon,Memory_Letter,24.22148206502481,26.55449342533229,-4.828110618444812,-0.0301411263534683,0.4966087116137989,-0.0290400128746448,0.5124748445879247
Sleep_Cov_Brain_Shuffle,AutoGluon,Stroop,14.879485815677423,16.31819158887057,-4.815001332650671,0.0576884477797874,0.1929314072921858,0.0813530920570374,0.0661280148252948
Sleep_Cov_Brain_Shuffle,XGBoost,Memory_Digit,16.61273651222583,19.26236204699308,-1.7774197653896238,-0.0602388145706198,0.1739510974772209,-0.0478360306536294,0.2804459641240667
Sleep_Cov_Brain_Shuffle,XGBoost,Memory_Letter,26.10762009949769,28.30796933360373,-5.623219943202095,-0.016029407191712,0.7177365001461444,-0.0112713932483868,0.7993584871879444
Sleep_Cov_Brain_Shuffle,XGBoost,Stroop,15.0051327633482,16.440476412639953,-4.902480483680576,0.0355965259240699,0.4220011061559062,0.0185685612647853,0.6753942935035386
Sleep_Shuffle_Cov,AutoGluon,Memory_Digit,12.69739198031491,15.297522402897252,-0.7517197832809746,-0.0652098148969953,0.1410086801354708,-0.0550658271055219,0.2139877447825489
Sleep_Shuffle_Cov,AutoGluon,Memory_Letter,20.409553206613783,23.19447273062117,-3.446525150039053,-0.0941936181952333,0.0332711139732309,-0.0544723008024173,0.2189741611471446
Sleep_Shuffle_Cov,AutoGluon,Stroop,13.309340346130726,14.895332267390373,-3.84513802862832,0.1285014472151761,0.0036169070715547,0.1378095387968261,0.0017931669809857
Sleep_Shuffle_Cov,XGBoost,Memory_Digit,19.51075151397447,22.09855852775417,-2.6555298182852622,0.0093933040131488,0.8322449608827953,0.0236398876130986,0.5939278146472452
Sleep_Shuffle_Cov,XGBoost,Memory_Letter,29.593431187447564,31.55101802039574,-7.227700942914954,-0.043465170780748,0.3267895888638906,-0.0332453458506489,0.4533220466550618
Sleep_Shuffle_Cov,XGBoost,Stroop,17.682368693961873,18.93734341130349,-6.831480529960451,0.1269761156969433,0.0040409136072043,0.1250166262642172,0.0046514573469936
